Var_shuffled,RMSE_tot,Ocean,Ocean1,Ocean2,Ocean3,Ocean4
iceDraft,12.941849485512703,"['Ocean1', 'Ocean2', 'Ocean3', 'Ocean4']",27.911680091826504,2.962619721332204,14.970160065548127,4.539624067360702
bathymetry,6.9505733892299855,"['Ocean1', 'Ocean2', 'Ocean3', 'Ocean4']",6.123229682512802,6.516457179699251,9.769718598842314,2.1201364534261367
Distances_ground_line,3.086339568547549,"['Ocean1', 'Ocean2', 'Ocean3', 'Ocean4']",9.563478538875957,1.913596626138098,1.7875542682761016,0.8319807111164226
Distances_front_line,4.063075193857279,"['Ocean1', 'Ocean2', 'Ocean3', 'Ocean4']",2.665649165339886,2.3333612092543152,5.450697348667794,2.7178635923002203
"['T_0', 'T_1', 'T_2', 'T_3', 'T_4', 'T_5', 'T_6', 'T_7', 'T_8', 'T_9', 'T_10', 'T_11', 'T_12', 'T_13', 'T_14', 'T_15', 'T_16', 'T_17', 'T_18', 'T_19', 'T_20', 'T_21', 'T_22', 'T_23', 'T_24', 'T_25', 'T_26', 'T_27', 'T_28', 'T_29', 'T_30', 'T_31', 'T_32', 'T_33', 'T_34', 'T_35', 'T_36', 'T_37', 'T_38', 'T_39']",19.18934678354663,"['Ocean1', 'Ocean2', 'Ocean3', 'Ocean4']",62.97622207718568,8.24192775963142,8.896300445556987,0.15386455326426046
"['S_0', 'S_1', 'S_2', 'S_3', 'S_4', 'S_5', 'S_6', 'S_7', 'S_8', 'S_9', 'S_10', 'S_11', 'S_12', 'S_13', 'S_14', 'S_15', 'S_16', 'S_17', 'S_18', 'S_19', 'S_20', 'S_21', 'S_22', 'S_23', 'S_24', 'S_25', 'S_26', 'S_27', 'S_28', 'S_29', 'S_30', 'S_31', 'S_32', 'S_33', 'S_34', 'S_35', 'S_36', 'S_37', 'S_38', 'S_39']",14.076869626687698,"['Ocean1', 'Ocean2', 'Ocean3', 'Ocean4']",9.553188030573958,10.66363806300942,20.840482870757153,0.36209401664105073
"['Slope_iceDraft_x', 'Slope_iceDraft_y']",7.907534624611579,"['Ocean1', 'Ocean2', 'Ocean3', 'Ocean4']",11.563541815880487,2.7731272077587836,11.031686114147433,0.31860848429026717
"['Slope_bathymetry_x', 'Slope_bathymetry_y']",2.5227034373336163,"['Ocean1', 'Ocean2', 'Ocean3', 'Ocean4']",6.32811694739637,0.7964485613186812,2.6723693776851842,0.12202912161191679
"['bathymetry', 'iceDraft']",11.18729365395863,"['Ocean1', 'Ocean2', 'Ocean3', 'Ocean4']",21.61603019849894,8.815727712517662,12.167796164953472,6.597019817591989
