RMSEs,RMSE_tot,Var
[27.6394971   2.9564079  14.90816396  4.53972744],12.863128084944197,iceDraft
[6.02225245 6.60283261 9.75349491 2.12346269],6.9409336151081975,bathymetry
[9.40137721 1.85248099 1.7994109  0.83576187],3.044872914278843,Distances_ground_line
[2.67629172 2.30190668 5.43642569 2.70907032],4.051730142567046,Distances_front_line
[63.09382636  8.31498106  8.84544369  0.15440496],19.21425372565942,"['T_0', 'T_1', 'T_2', 'T_3', 'T_4', 'T_5', 'T_6', 'T_7', 'T_8', 'T_9', 'T_10', 'T_11', 'T_12', 'T_13', 'T_14', 'T_15', 'T_16', 'T_17', 'T_18', 'T_19', 'T_20', 'T_21', 'T_22', 'T_23', 'T_24', 'T_25', 'T_26', 'T_27', 'T_28', 'T_29', 'T_30', 'T_31', 'T_32', 'T_33', 'T_34', 'T_35', 'T_36', 'T_37', 'T_38', 'T_39']"
[ 9.03099632 10.53660794 20.87269381  0.34937397],14.060027786116063,"['S_0', 'S_1', 'S_2', 'S_3', 'S_4', 'S_5', 'S_6', 'S_7', 'S_8', 'S_9', 'S_10', 'S_11', 'S_12', 'S_13', 'S_14', 'S_15', 'S_16', 'S_17', 'S_18', 'S_19', 'S_20', 'S_21', 'S_22', 'S_23', 'S_24', 'S_25', 'S_26', 'S_27', 'S_28', 'S_29', 'S_30', 'S_31', 'S_32', 'S_33', 'S_34', 'S_35', 'S_36', 'S_37', 'S_38', 'S_39']"
[11.63497655  2.66211261 11.02700914  0.31841419],7.910348488206531,"['Slope_iceDraft_x', 'Slope_iceDraft_y']"
[6.19089126 0.78700645 2.72268989 0.123193  ],2.5166102324713835,"['Slope_bathymetry_x', 'Slope_bathymetry_y']"
