Neur_seq,Overall_RMSE,CPL_EXP11_rst,CPL_EXP12_rst
128_128_128_128_128,12.02178471939289,14.757393234028445,8.44191688037191
