Neur_seq,Overall_RMSE,CPL_EXP11_rst,CPL_EXP12_rst
128_128_128_128_128,12.018038457751516,14.751912687502312,8.440827495233938
