Neur_seq,Overall_RMSE,CPL_EXP11_rst,CPL_EXP12_rst
96_96_96_96_96,8.843303631124805,11.764268902646393,4.243820850455094
32_32_96_96,11.082818566769474,14.761068881685182,5.269590139470597
96_96_96_96_96,10.48804333534364,14.240568511935772,4.147808392989696
