Random_seed,Overall_RMSE,Ocean1,Ocean2,Ocean3,Ocean4
123456,0.3124772506286593,0.5408631832785303,0.1878632367821454,0.4068140644361305,0.057254505586341965
123456,0.3124772506286593,0.5408631832785303,0.1878632367821454,0.4068140644361305,0.057254505586341965
123456,0.3124772506286593,0.5408631832785303,0.1878632367821454,0.4068140644361305,0.057254505586341965
123456,0.3124772506286593,0.5408631832785303,0.1878632367821454,0.4068140644361305,0.057254505586341965
