thermalDriving,x,y,iceDraft,halineDriving
0.20985798337202355,236.89682914947272,39.02465182255846,246.83202230903703,2.3684830249141866
