thermalDriving,x,y,iceDraft,halineDriving
0.31291084622084214,50.34696100898262,19.33539303337019,118.75515297559315,3.042971474500957
