Var_shuffled,RMSE_tot,Ocean,Ocean1,Ocean2,Ocean3,Ocean4
iceDraft,12.924522159988106,"['Ocean1', 'Ocean2', 'Ocean3', 'Ocean4']",27.912927404038072,2.9560779829805166,14.925949169047103,4.566036426998964
bathymetry,6.965817724623594,"['Ocean1', 'Ocean2', 'Ocean3', 'Ocean4']",6.12017608655926,6.53166669342557,9.796883773030082,2.1071805026493
Distances_ground_line,3.0688640413427346,"['Ocean1', 'Ocean2', 'Ocean3', 'Ocean4']",9.487424756266774,1.8617912108224552,1.808166268642582,0.8293744318871746
Distances_front_line,4.066939402804137,"['Ocean1', 'Ocean2', 'Ocean3', 'Ocean4']",2.6819601499684342,2.390355640543141,5.455205345877805,2.70959833752716
"['T_0', 'T_1', 'T_2', 'T_3', 'T_4', 'T_5', 'T_6', 'T_7', 'T_8', 'T_9', 'T_10', 'T_11', 'T_12', 'T_13', 'T_14', 'T_15', 'T_16', 'T_17', 'T_18', 'T_19', 'T_20', 'T_21', 'T_22', 'T_23', 'T_24', 'T_25', 'T_26', 'T_27', 'T_28', 'T_29', 'T_30', 'T_31', 'T_32', 'T_33', 'T_34', 'T_35', 'T_36', 'T_37', 'T_38', 'T_39']",19.16035830681188,"['Ocean1', 'Ocean2', 'Ocean3', 'Ocean4']",62.88640014490784,8.27236202405213,8.8674051425025,0.1538946269669489
"['S_0', 'S_1', 'S_2', 'S_3', 'S_4', 'S_5', 'S_6', 'S_7', 'S_8', 'S_9', 'S_10', 'S_11', 'S_12', 'S_13', 'S_14', 'S_15', 'S_16', 'S_17', 'S_18', 'S_19', 'S_20', 'S_21', 'S_22', 'S_23', 'S_24', 'S_25', 'S_26', 'S_27', 'S_28', 'S_29', 'S_30', 'S_31', 'S_32', 'S_33', 'S_34', 'S_35', 'S_36', 'S_37', 'S_38', 'S_39']",14.059097746234503,"['Ocean1', 'Ocean2', 'Ocean3', 'Ocean4']",9.212416820313438,10.582967456951334,20.850653039718193,0.35219918298664166
"['Slope_iceDraft_x', 'Slope_iceDraft_y']",7.92647192866063,"['Ocean1', 'Ocean2', 'Ocean3', 'Ocean4']",11.733746543182475,2.7810322861023247,11.028237794991055,0.31250782594150356
"['Slope_bathymetry_x', 'Slope_bathymetry_y']",2.529473870585628,"['Ocean1', 'Ocean2', 'Ocean3', 'Ocean4']",6.316650993349313,0.7857161783052339,2.693724386017741,0.12095616176721115
"['bathymetry', 'iceDraft']",11.171013157777464,"['Ocean1', 'Ocean2', 'Ocean3', 'Ocean4']",21.47168644751267,8.880334524785487,12.192203272356586,6.562380137853223
