Var_shuffled,RMSE_tot,Ocean,Ocean1,Ocean2,Ocean3,Ocean4
iceDraft,12.85015824961449,"['Ocean1', 'Ocean2', 'Ocean3', 'Ocean4']",27.51147148131971,2.902348310491724,14.92907561638927,4.544865305657631
bathymetry,6.933305793709201,"['Ocean1', 'Ocean2', 'Ocean3', 'Ocean4']",6.069149670116933,6.545295476784043,9.74457963005559,2.1134893856657775
Distances_ground_line,3.05015636717396,"['Ocean1', 'Ocean2', 'Ocean3', 'Ocean4']",9.446130353752883,1.8857374638470539,1.769275970456866,0.8308841606310822
Distances_front_line,4.068578907354816,"['Ocean1', 'Ocean2', 'Ocean3', 'Ocean4']",2.62931131888955,2.278919578594426,5.47243697109901,2.710179674171998
"['T_0', 'T_1', 'T_2', 'T_3', 'T_4', 'T_5', 'T_6', 'T_7', 'T_8', 'T_9', 'T_10', 'T_11', 'T_12', 'T_13', 'T_14', 'T_15', 'T_16', 'T_17', 'T_18', 'T_19', 'T_20', 'T_21', 'T_22', 'T_23', 'T_24', 'T_25', 'T_26', 'T_27', 'T_28', 'T_29', 'T_30', 'T_31', 'T_32', 'T_33', 'T_34', 'T_35', 'T_36', 'T_37', 'T_38', 'T_39']",19.18566413072906,"['Ocean1', 'Ocean2', 'Ocean3', 'Ocean4']",62.96768600134889,8.275964278682386,8.882981304330698,0.15402624019376635
"['S_0', 'S_1', 'S_2', 'S_3', 'S_4', 'S_5', 'S_6', 'S_7', 'S_8', 'S_9', 'S_10', 'S_11', 'S_12', 'S_13', 'S_14', 'S_15', 'S_16', 'S_17', 'S_18', 'S_19', 'S_20', 'S_21', 'S_22', 'S_23', 'S_24', 'S_25', 'S_26', 'S_27', 'S_28', 'S_29', 'S_30', 'S_31', 'S_32', 'S_33', 'S_34', 'S_35', 'S_36', 'S_37', 'S_38', 'S_39']",14.07894258444221,"['Ocean1', 'Ocean2', 'Ocean3', 'Ocean4']",9.5076267433414,10.59282111505694,20.85517808637097,0.36270118207415464
"['Slope_iceDraft_x', 'Slope_iceDraft_y']",7.9185187031065825,"['Ocean1', 'Ocean2', 'Ocean3', 'Ocean4']",11.678541661093579,2.9144674399968684,11.01926257095754,0.31529150527900046
"['Slope_bathymetry_x', 'Slope_bathymetry_y']",2.5360807722720127,"['Ocean1', 'Ocean2', 'Ocean3', 'Ocean4']",6.2957887185862065,0.8005740640807034,2.7173869887106665,0.12090600228281109
"['bathymetry', 'iceDraft']",11.19013652703177,"['Ocean1', 'Ocean2', 'Ocean3', 'Ocean4']",21.65863286118127,8.844239350692128,12.145727825541288,6.613770748360136
