Var_shuffled,RMSE_tot,Ocean,Ocean1,Ocean2,Ocean3,Ocean4
iceDraft,12.865893970012777,"['Ocean1', 'Ocean2', 'Ocean3', 'Ocean4']",27.621928646507214,2.928625999974287,14.911401187273878,4.572680211420855
bathymetry,6.940037072811705,"['Ocean1', 'Ocean2', 'Ocean3', 'Ocean4']",6.09006287008445,6.54585319889572,9.754611027007844,2.107863883645445
Distances_ground_line,3.055469453995085,"['Ocean1', 'Ocean2', 'Ocean3', 'Ocean4']",9.460021249869543,1.8688168341452258,1.7790183437608298,0.8330220686045783
Distances_front_line,4.055017849797188,"['Ocean1', 'Ocean2', 'Ocean3', 'Ocean4']",2.649888079357403,1.994101848456895,5.471568034211947,2.703937260620131
"['T_0', 'T_1', 'T_2', 'T_3', 'T_4', 'T_5', 'T_6', 'T_7', 'T_8', 'T_9', 'T_10', 'T_11', 'T_12', 'T_13', 'T_14', 'T_15', 'T_16', 'T_17', 'T_18', 'T_19', 'T_20', 'T_21', 'T_22', 'T_23', 'T_24', 'T_25', 'T_26', 'T_27', 'T_28', 'T_29', 'T_30', 'T_31', 'T_32', 'T_33', 'T_34', 'T_35', 'T_36', 'T_37', 'T_38', 'T_39']",19.177303510890212,"['Ocean1', 'Ocean2', 'Ocean3', 'Ocean4']",62.94223314003777,8.278487182327062,8.875172616679038,0.15342220582909297
"['S_0', 'S_1', 'S_2', 'S_3', 'S_4', 'S_5', 'S_6', 'S_7', 'S_8', 'S_9', 'S_10', 'S_11', 'S_12', 'S_13', 'S_14', 'S_15', 'S_16', 'S_17', 'S_18', 'S_19', 'S_20', 'S_21', 'S_22', 'S_23', 'S_24', 'S_25', 'S_26', 'S_27', 'S_28', 'S_29', 'S_30', 'S_31', 'S_32', 'S_33', 'S_34', 'S_35', 'S_36', 'S_37', 'S_38', 'S_39']",14.077129235472887,"['Ocean1', 'Ocean2', 'Ocean3', 'Ocean4']",9.274089250217664,10.505493906009866,20.88207805293162,0.3576809291155405
"['Slope_iceDraft_x', 'Slope_iceDraft_y']",7.922631108737918,"['Ocean1', 'Ocean2', 'Ocean3', 'Ocean4']",11.665233196602228,2.783770939474061,11.035851323149712,0.31651425250397053
"['Slope_bathymetry_x', 'Slope_bathymetry_y']",2.4971844182817478,"['Ocean1', 'Ocean2', 'Ocean3', 'Ocean4']",6.150826090917754,0.7930754176520183,2.697517471745725,0.12102254131502473
"['bathymetry', 'iceDraft']",11.218055619570093,"['Ocean1', 'Ocean2', 'Ocean3', 'Ocean4']",21.84092875185119,8.850657000460536,12.16603502823991,6.56853108482092
