Var_shuffled,RMSE_tot,Ocean,Ocean1,Ocean2,Ocean3,Ocean4
iceDraft,12.898925406666429,"['Ocean1', 'Ocean2', 'Ocean3', 'Ocean4']",27.737114493612726,2.93448978689423,14.942785394578072,4.553671279699473
bathymetry,6.955988419899645,"['Ocean1', 'Ocean2', 'Ocean3', 'Ocean4']",6.084655569383074,6.583439071541985,9.774682742908157,2.120742636131331
Distances_ground_line,3.0640107162575427,"['Ocean1', 'Ocean2', 'Ocean3', 'Ocean4']",9.529957938644982,1.8494512706443917,1.7404947960573003,0.8393471656873969
Distances_front_line,4.056163497891284,"['Ocean1', 'Ocean2', 'Ocean3', 'Ocean4']",2.7318858128979056,2.2829196845471724,5.437168633630351,2.715625973651015
"['T_0', 'T_1', 'T_2', 'T_3', 'T_4', 'T_5', 'T_6', 'T_7', 'T_8', 'T_9', 'T_10', 'T_11', 'T_12', 'T_13', 'T_14', 'T_15', 'T_16', 'T_17', 'T_18', 'T_19', 'T_20', 'T_21', 'T_22', 'T_23', 'T_24', 'T_25', 'T_26', 'T_27', 'T_28', 'T_29', 'T_30', 'T_31', 'T_32', 'T_33', 'T_34', 'T_35', 'T_36', 'T_37', 'T_38', 'T_39']",19.20218349586717,"['Ocean1', 'Ocean2', 'Ocean3', 'Ocean4']",63.026350296342564,8.276407399064134,8.885587598850897,0.1539804927946118
"['S_0', 'S_1', 'S_2', 'S_3', 'S_4', 'S_5', 'S_6', 'S_7', 'S_8', 'S_9', 'S_10', 'S_11', 'S_12', 'S_13', 'S_14', 'S_15', 'S_16', 'S_17', 'S_18', 'S_19', 'S_20', 'S_21', 'S_22', 'S_23', 'S_24', 'S_25', 'S_26', 'S_27', 'S_28', 'S_29', 'S_30', 'S_31', 'S_32', 'S_33', 'S_34', 'S_35', 'S_36', 'S_37', 'S_38', 'S_39']",14.032478118939423,"['Ocean1', 'Ocean2', 'Ocean3', 'Ocean4']",9.443411392009736,10.58777905844145,20.786462053346977,0.35181160634276415
"['Slope_iceDraft_x', 'Slope_iceDraft_y']",7.903388163051816,"['Ocean1', 'Ocean2', 'Ocean3', 'Ocean4']",11.585018286708628,2.8608031475214717,11.015683464727816,0.3154552979900061
"['Slope_bathymetry_x', 'Slope_bathymetry_y']",2.543526488217247,"['Ocean1', 'Ocean2', 'Ocean3', 'Ocean4']",6.437935147878976,0.7758596065472319,2.6686188050459085,0.1223431212251151
"['bathymetry', 'iceDraft']",11.22405524141857,"['Ocean1', 'Ocean2', 'Ocean3', 'Ocean4']",21.954525852405887,8.82764822211904,12.15719173132556,6.540111348545622
