Var_shuffled,RMSE_tot,Ocean,Ocean1,Ocean2,Ocean3,Ocean4
iceDraft,12.858539062668005,"['Ocean1', 'Ocean2', 'Ocean3', 'Ocean4']",27.651363606446637,2.955672808316831,14.88633479469018,4.56579287535548
bathymetry,6.952741373351856,"['Ocean1', 'Ocean2', 'Ocean3', 'Ocean4']",6.115860286372708,6.5243585598025895,9.77611433964063,2.107061673872865
Distances_ground_line,3.0732296957671763,"['Ocean1', 'Ocean2', 'Ocean3', 'Ocean4']",9.512894834084005,1.8455392767714196,1.8000997160109022,0.8347644478140726
Distances_front_line,4.064510698571724,"['Ocean1', 'Ocean2', 'Ocean3', 'Ocean4']",2.7354449508855634,2.32834064918832,5.451624879934001,2.7081687543794244
"['T_0', 'T_1', 'T_2', 'T_3', 'T_4', 'T_5', 'T_6', 'T_7', 'T_8', 'T_9', 'T_10', 'T_11', 'T_12', 'T_13', 'T_14', 'T_15', 'T_16', 'T_17', 'T_18', 'T_19', 'T_20', 'T_21', 'T_22', 'T_23', 'T_24', 'T_25', 'T_26', 'T_27', 'T_28', 'T_29', 'T_30', 'T_31', 'T_32', 'T_33', 'T_34', 'T_35', 'T_36', 'T_37', 'T_38', 'T_39']",19.182947915957527,"['Ocean1', 'Ocean2', 'Ocean3', 'Ocean4']",62.94027524769135,8.292497744901148,8.904533920594389,0.15399208535064696
"['S_0', 'S_1', 'S_2', 'S_3', 'S_4', 'S_5', 'S_6', 'S_7', 'S_8', 'S_9', 'S_10', 'S_11', 'S_12', 'S_13', 'S_14', 'S_15', 'S_16', 'S_17', 'S_18', 'S_19', 'S_20', 'S_21', 'S_22', 'S_23', 'S_24', 'S_25', 'S_26', 'S_27', 'S_28', 'S_29', 'S_30', 'S_31', 'S_32', 'S_33', 'S_34', 'S_35', 'S_36', 'S_37', 'S_38', 'S_39']",14.053366020692676,"['Ocean1', 'Ocean2', 'Ocean3', 'Ocean4']",8.518303268400922,10.469432430338292,20.91160876704052,0.34863793939416865
"['Slope_iceDraft_x', 'Slope_iceDraft_y']",7.89627102412814,"['Ocean1', 'Ocean2', 'Ocean3', 'Ocean4']",11.605763271152059,2.7924562984913326,11.002527217866128,0.31715017889822666
"['Slope_bathymetry_x', 'Slope_bathymetry_y']",2.4949829966835178,"['Ocean1', 'Ocean2', 'Ocean3', 'Ocean4']",6.177349072643632,0.7617429514309202,2.6822653920801853,0.12194773889355712
"['bathymetry', 'iceDraft']",11.115768028625627,"['Ocean1', 'Ocean2', 'Ocean3', 'Ocean4']",21.260557108257167,8.848854367585584,12.129386894582229,6.5991621546163906
