Var_shuffled,RMSE_tot,Ocean,Ocean1,Ocean2,Ocean3,Ocean4
iceDraft,12.875425637978042,"['Ocean1', 'Ocean2', 'Ocean3', 'Ocean4']",27.685477028245177,2.91088354343943,14.915250734873037,4.550074116948564
bathymetry,6.951954161605832,"['Ocean1', 'Ocean2', 'Ocean3', 'Ocean4']",6.2128402895479,6.573114315578195,9.754770731670867,2.112982184261663
Distances_ground_line,3.090517723246725,"['Ocean1', 'Ocean2', 'Ocean3', 'Ocean4']",9.559530047030254,1.8593734620634887,1.8238933974613816,0.8238267292864037
Distances_front_line,4.077420233896766,"['Ocean1', 'Ocean2', 'Ocean3', 'Ocean4']",2.63733078315998,2.3910418989908355,5.4789115592586715,2.708160402977351
"['T_0', 'T_1', 'T_2', 'T_3', 'T_4', 'T_5', 'T_6', 'T_7', 'T_8', 'T_9', 'T_10', 'T_11', 'T_12', 'T_13', 'T_14', 'T_15', 'T_16', 'T_17', 'T_18', 'T_19', 'T_20', 'T_21', 'T_22', 'T_23', 'T_24', 'T_25', 'T_26', 'T_27', 'T_28', 'T_29', 'T_30', 'T_31', 'T_32', 'T_33', 'T_34', 'T_35', 'T_36', 'T_37', 'T_38', 'T_39']",19.172729120554298,"['Ocean1', 'Ocean2', 'Ocean3', 'Ocean4']",62.936234320306006,8.231055876675345,8.868728421162903,0.15395571560033214
"['S_0', 'S_1', 'S_2', 'S_3', 'S_4', 'S_5', 'S_6', 'S_7', 'S_8', 'S_9', 'S_10', 'S_11', 'S_12', 'S_13', 'S_14', 'S_15', 'S_16', 'S_17', 'S_18', 'S_19', 'S_20', 'S_21', 'S_22', 'S_23', 'S_24', 'S_25', 'S_26', 'S_27', 'S_28', 'S_29', 'S_30', 'S_31', 'S_32', 'S_33', 'S_34', 'S_35', 'S_36', 'S_37', 'S_38', 'S_39']",14.09862037189216,"['Ocean1', 'Ocean2', 'Ocean3', 'Ocean4']",9.044153907123828,10.5602374937134,20.93129189972783,0.36375649864104226
"['Slope_iceDraft_x', 'Slope_iceDraft_y']",7.899681496899081,"['Ocean1', 'Ocean2', 'Ocean3', 'Ocean4']",11.622941835523529,2.7522237641109264,11.006758797388338,0.3187410399901925
"['Slope_bathymetry_x', 'Slope_bathymetry_y']",2.5233250113496117,"['Ocean1', 'Ocean2', 'Ocean3', 'Ocean4']",6.308572632031636,0.7779167225333867,2.6841232606742698,0.1204196716256287
"['bathymetry', 'iceDraft']",11.16532051613625,"['Ocean1', 'Ocean2', 'Ocean3', 'Ocean4']",21.50198325724123,8.768514122428538,12.184026830301883,6.564526349223761
