Var_shuffled,RMSE_tot,Ocean,Ocean1,Ocean2,Ocean3,Ocean4
iceDraft,12.876425232395416,"['Ocean1', 'Ocean2', 'Ocean3', 'Ocean4']",27.65559308543009,2.95763135163072,14.919542656973952,4.57294700444182
bathymetry,6.931746206019274,"['Ocean1', 'Ocean2', 'Ocean3', 'Ocean4']",6.044401242083732,6.5513143762381,9.746527987032799,2.102626683375415
Distances_ground_line,3.0545255041446837,"['Ocean1', 'Ocean2', 'Ocean3', 'Ocean4']",9.434854957420518,1.899798376756535,1.7950792993338178,0.8331865899502743
Distances_front_line,4.059157844146015,"['Ocean1', 'Ocean2', 'Ocean3', 'Ocean4']",2.666454991611768,2.326432010215613,5.444550781907611,2.7171696174594326
"['T_0', 'T_1', 'T_2', 'T_3', 'T_4', 'T_5', 'T_6', 'T_7', 'T_8', 'T_9', 'T_10', 'T_11', 'T_12', 'T_13', 'T_14', 'T_15', 'T_16', 'T_17', 'T_18', 'T_19', 'T_20', 'T_21', 'T_22', 'T_23', 'T_24', 'T_25', 'T_26', 'T_27', 'T_28', 'T_29', 'T_30', 'T_31', 'T_32', 'T_33', 'T_34', 'T_35', 'T_36', 'T_37', 'T_38', 'T_39']",19.162408719552626,"['Ocean1', 'Ocean2', 'Ocean3', 'Ocean4']",62.87780165344165,8.303142035957215,8.884440130894063,0.1536838544807831
"['S_0', 'S_1', 'S_2', 'S_3', 'S_4', 'S_5', 'S_6', 'S_7', 'S_8', 'S_9', 'S_10', 'S_11', 'S_12', 'S_13', 'S_14', 'S_15', 'S_16', 'S_17', 'S_18', 'S_19', 'S_20', 'S_21', 'S_22', 'S_23', 'S_24', 'S_25', 'S_26', 'S_27', 'S_28', 'S_29', 'S_30', 'S_31', 'S_32', 'S_33', 'S_34', 'S_35', 'S_36', 'S_37', 'S_38', 'S_39']",14.055788310141004,"['Ocean1', 'Ocean2', 'Ocean3', 'Ocean4']",9.015342879650598,10.581632360593266,20.862503097852166,0.3581026082699192
"['Slope_iceDraft_x', 'Slope_iceDraft_y']",7.911465669364487,"['Ocean1', 'Ocean2', 'Ocean3', 'Ocean4']",11.554197657759802,2.7147515476454087,11.043246587715261,0.31998933326923623
"['Slope_bathymetry_x', 'Slope_bathymetry_y']",2.514478456784326,"['Ocean1', 'Ocean2', 'Ocean3', 'Ocean4']",6.205877053578434,0.794157772923389,2.7107831366350252,0.12190317282183319
"['bathymetry', 'iceDraft']",11.211546007845945,"['Ocean1', 'Ocean2', 'Ocean3', 'Ocean4']",21.79805399630402,8.791810639362684,12.160322444967461,6.596532624034174
