Var_shuffled,RMSE_tot,Ocean,Ocean1,Ocean2,Ocean3,Ocean4
iceDraft,12.860579182247356,"['Ocean1', 'Ocean2', 'Ocean3', 'Ocean4']",27.708433533059225,2.900000332684557,14.871863060854485,4.564886637403097
bathymetry,6.968904473425295,"['Ocean1', 'Ocean2', 'Ocean3', 'Ocean4']",6.043594206328687,6.562640068087489,9.808929995374886,2.100487188702922
Distances_ground_line,3.09450642192666,"['Ocean1', 'Ocean2', 'Ocean3', 'Ocean4']",9.579016696651927,1.8376852456631851,1.8208370242537422,0.8310525368564267
Distances_front_line,4.082986527860389,"['Ocean1', 'Ocean2', 'Ocean3', 'Ocean4']",2.62941740064203,2.2929197499980463,5.49512251575222,2.7138735177680817
"['T_0', 'T_1', 'T_2', 'T_3', 'T_4', 'T_5', 'T_6', 'T_7', 'T_8', 'T_9', 'T_10', 'T_11', 'T_12', 'T_13', 'T_14', 'T_15', 'T_16', 'T_17', 'T_18', 'T_19', 'T_20', 'T_21', 'T_22', 'T_23', 'T_24', 'T_25', 'T_26', 'T_27', 'T_28', 'T_29', 'T_30', 'T_31', 'T_32', 'T_33', 'T_34', 'T_35', 'T_36', 'T_37', 'T_38', 'T_39']",19.15953735581684,"['Ocean1', 'Ocean2', 'Ocean3', 'Ocean4']",62.890278064653366,8.2022271648322,8.870647952779567,0.15425986848553208
"['S_0', 'S_1', 'S_2', 'S_3', 'S_4', 'S_5', 'S_6', 'S_7', 'S_8', 'S_9', 'S_10', 'S_11', 'S_12', 'S_13', 'S_14', 'S_15', 'S_16', 'S_17', 'S_18', 'S_19', 'S_20', 'S_21', 'S_22', 'S_23', 'S_24', 'S_25', 'S_26', 'S_27', 'S_28', 'S_29', 'S_30', 'S_31', 'S_32', 'S_33', 'S_34', 'S_35', 'S_36', 'S_37', 'S_38', 'S_39']",14.031085728041301,"['Ocean1', 'Ocean2', 'Ocean3', 'Ocean4']",8.819842242997849,10.510887484279314,20.846420749802487,0.35672158078929156
"['Slope_iceDraft_x', 'Slope_iceDraft_y']",7.920358562788333,"['Ocean1', 'Ocean2', 'Ocean3', 'Ocean4']",11.634387656183867,2.785070315314565,11.038375848096626,0.31608376305653
"['Slope_bathymetry_x', 'Slope_bathymetry_y']",2.5223393059976646,"['Ocean1', 'Ocean2', 'Ocean3', 'Ocean4']",6.2949461860807165,0.7848524984454747,2.6876993315033477,0.12423404038689806
"['bathymetry', 'iceDraft']",11.261100438609835,"['Ocean1', 'Ocean2', 'Ocean3', 'Ocean4']",21.868343576798747,8.809829161513909,12.250239667414402,6.581449885291895
